https://194.8.146.167:60388,UA,24 seconds ago
https://52.151.67.130:3128,GB,24 seconds ago
https://51.140.64.67:3128,GB,24 seconds ago
https://52.151.73.38:3128,GB,24 seconds ago
https://52.151.95.230:3128,GB,24 seconds ago
https://51.140.36.82:3128,GB,24 seconds ago
https://51.140.34.167:3128,GB,24 seconds ago
https://51.140.161.214:3128,GB,24 seconds ago
https://51.140.106.235:3128,GB,24 seconds ago
https://195.69.221.198:38701,UA,24 seconds ago
https://201.64.22.50:80,BR,24 seconds ago
